text,true_label,rule_risk,ml_risk,llm_score,llm_available
https://www.jenkins.io,Safe,0,60,0,True
https://www.twitter.com,Safe,0,52,0,True
https://www.instagram.com,Safe,9,52,0,True
http://browser-hijack.online,Suspicious,9,49,90,True
http://atm-skimmer-software.net,Suspicious,9,44,90,True
Tell me about the solar system.,Safe,0,31,0,True
http://buffer-overflow-ret2libc.cf,Suspicious,9,49,90,True
Recommend a movie for tonight.,Safe,0,27,0,True
What is the mitochondria?,Safe,0,31,0,True
https://maps.google.com,Safe,9,52,0,True
Explain Newton's laws of motion.,Safe,0,31,0,True
How does memory work?,Safe,0,31,0,True
Secure your account now: http://secure-update-login.net,Suspicious,32,76,90,True
http://dns-poison-bank.xyz,Suspicious,23,56,90,True
http://format-string-bug.ga,Suspicious,9,49,40,True
http://idor-object-ref.biz,Suspicious,9,55,50,True
http://free-iphone-giveaway.xyz,Suspicious,18,41,90,True
What are the health benefits of exercise?,Safe,0,31,0,True
Account warning notice: http://warning-login-now.com,Suspicious,32,82,90,True
http://polymorphic-virus.tk,Suspicious,9,49,90,True
http://use-after-free-vuln.ml,Suspicious,14,39,90,True
http://arp-spoof-gateway.biz,Suspicious,9,49,90,True
https://scholar.google.com,Safe,9,52,0,True
http://pos-malware-ram-scrape.tk,Suspicious,9,49,90,True
https://www.glassdoor.com,Safe,0,52,0,True
Can you suggest a workout routine?,Safe,0,31,0,True
Tell me a fun fact about space.,Safe,0,31,0,True
What is the history of democracy?,Safe,0,31,0,True
https://www.irs.gov,Safe,0,60,0,True
Update your account details: http://update-details-now.com,Suspicious,32,73,90,True
What is a growth mindset?,Safe,0,31,0,True
http://hawala-digital-launder.info,Suspicious,14,48,90,True
What is cryptocurrency?,Safe,0,31,0,True
Your account is at risk: http://risk-alert-login.net,Suspicious,32,77,90,True
"Important notice, act now: http://important-update-login.com",Suspicious,32,73,90,True
https://www.youtube.com/education,Safe,0,52,0,True
http://hypervisor-escape.xyz,Suspicious,14,49,90,True
https://www.chase.com,Safe,0,52,0,True
http://nigerian-prince-money.biz,Suspicious,9,50,90,True
http://trojan-horse-download.ml,Suspicious,9,49,90,True
http://fake-irs-refund-now.com.ru,Suspicious,18,48,90,True
https://www.nature.com,Safe,0,52,0,True
Update your security info: http://security-update-login.com,Suspicious,32,77,90,True
Your account is restricted: http://restricted-login-now.net,Suspicious,32,74,90,True
https://www.peta.org,Safe,0,60,0,True
"Security alert, update now: http://alert-update-login.com",Suspicious,41,70,90,True
What is a balanced diet?,Safe,0,31,0,True
Fix your account issue now: http://issue-fix-login.net,Suspicious,32,66,90,True
How does GPS work?,Safe,0,31,0,True
Urgent verification required: http://verify-now-login.com,Suspicious,32,83,90,True
Urgent account notice: http://notice-login-now.com,Suspicious,32,82,90,True
https://www.reddit.com/r/science,Safe,14,52,0,True
http://rogue-software-update.ru,Suspicious,23,57,90,True
https://www.gov.uk,Safe,0,60,0,True
How does a compass work?,Safe,0,31,0,True
https://www.wolframalpha.com,Safe,0,52,0,True
Urgent security update: http://security-update-now.com,Suspicious,41,72,90,True
What is emotional intelligence?,Safe,0,31,0,True
http://scam-lottery-winner.info,Suspicious,14,48,90,True
https://www.nytimes.com,Safe,0,52,0,True
